<TaskOptions>
  <TaskOptions>
    <option name="arguments" value="--style compressed --compass --no-cache --update $FileName$:../css/$FileNameWithoutExtension$.css" />
    <option name="checkSyntaxErrors" value="true" />
    <option name="description" />
    <option name="exitCodeBehavior" value="ERROR" />
    <option name="fileExtension" value="scss" />
    <option name="immediateSync" value="true" />
    <option name="name" value="SCSS" />
    <option name="output" value="../css/$FileNameWithoutExtension$.css:$FileNameWithoutExtension$.css.map" />
    <option name="outputFilters">
      <array />
    </option>
    <option name="outputFromStdout" value="false" />
    <option name="program" value="C:/Ruby23-x64/bin/scss.bat" />
    <option name="scopeName" value="Project Files" />
    <option name="trackOnlyRoot" value="true" />
    <option name="workingDir" value="$FileDir$" />
    <envs />
  </TaskOptions>
</TaskOptions>